Job Post Title,Job Post URL,Apply Link Text,Apply Link (Original),Apply Link (Redirected/Company Site),TOC Item 1,TOC Item 2,TOC Item 3,TOC Item 4,TOC Item 5,TOC Item 6,TOC Item 7,TOC Item 8,TOC Item 9,TOC Item 10,TOC Item 11,Combined TOC (1-11)
Wells Fargo Internship 2027 | Technology Program Intern | Bengaluru/Hyderabad,https://job4freshers.co.in/wells-fargo-internship-program/,Click here to Apply,https://www.wellsfargojobs.com/en/jobs/r-557386/2027-technology-program-intern/,https://www.wellsfargojobs.com/en/jobs/r-557386/2027-technology-program-intern/,About Wells Fargo:,Wells Fargo Internship 2027:,What an Intern at Wells Fargo actually does:,Wells Fargo Internship- Eligibility Criteria:,Required skills:,Who should apply for Wells Fargo:,Apply if:,Don’t apply if:,Wells Fargo Recruitment Selection Process:,Why Join Wells Fargo?,How to Apply for a Wells Fargo Internship 2027?,"About Wells Fargo:
Wells Fargo Internship 2027:
What an Intern at Wells Fargo actually does:
Wells Fargo Internship- Eligibility Criteria:
Required skills:
Who should apply for Wells Fargo:
Apply if:
Don’t apply if:
Wells Fargo Recruitment Selection Process:
Why Join Wells Fargo?
How to Apply for a Wells Fargo Internship 2027?"
Ingram Graduate Engineer Trainee Vacancy | Mumbai & Chennai | BE/ BTech,https://job4freshers.co.in/ingram-graduate-trainee/,Click here to Apply,https://ingrammicro.wd5.myworkdayjobs.com/en-US/IngramMicro/job/Mumbai-India/Graduate-Engineer-Trainee_R-115589,https://ingrammicro.wd5.myworkdayjobs.com/en-US/IngramMicro/job/Mumbai-India/Graduate-Engineer-Trainee_R-115589,About Ingram:,Ingram Off Campus 2026:,What a Graduate Trainee at Ingram actually does:,Ingram Off Campus- Eligibility Criteria:,Required skills:,Who should apply for Ingram:,Apply if:,Don’t apply if:,Ingram Recruitment Selection Process:,Why Join Ingram?,How to Apply for Ingram Off Campus 2026?,"About Ingram:
Ingram Off Campus 2026:
What a Graduate Trainee at Ingram actually does:
Ingram Off Campus- Eligibility Criteria:
Required skills:
Who should apply for Ingram:
Apply if:
Don’t apply if:
Ingram Recruitment Selection Process:
Why Join Ingram?
How to Apply for Ingram Off Campus 2026?"
Cornerstone Off Campus Hiring For Junior Engineer | Apply Now!,https://job4freshers.co.in/cornerstone-off-campus-hiring/,Click here to Apply,https://cornerstone.csod.com/ux/ats/careersite/2/home/requisition/11356?referralToken=3Ca_dG0QUECoxnkOLFcN_A,https://cornerstone.csod.com/ux/ats/careersite/2/home/requisition/11356?referralToken=3Ca_dG0QUECoxnkOLFcN_A,About Cornerstone:,Cornerstone Off Campus 2026:,Cornerstone Off Campus Responsibilities:,Cornerstone Off Campus Eligibility Criteria:,Preferred skill:,Cornerstone off Campus Selection Process:,Why Join Cornerstone?,How to Apply for Cornerstone Off Campus Drive 2026?,What is the role of a Junior Engineer at Cornerstone?,What qualifications are required for the Junior Engineer position at Cornerstone?,What are the key responsibilities of a Junior Engineer at Cornerstone?,"About Cornerstone:
Cornerstone Off Campus 2026:
Cornerstone Off Campus Responsibilities:
Cornerstone Off Campus Eligibility Criteria:
Preferred skill:
Cornerstone off Campus Selection Process:
Why Join Cornerstone?
How to Apply for Cornerstone Off Campus Drive 2026?
What is the role of a Junior Engineer at Cornerstone?
What qualifications are required for the Junior Engineer position at Cornerstone?
What are the key responsibilities of a Junior Engineer at Cornerstone?"
Sutherland Walk-in hiring International Voice Process – Mumbai,https://job4freshers.co.in/sutherland-walk-in-voice-process/,Click here to Apply,https://jobs.smartrecruiters.com/ni/Sutherland/e06091d9-f4f6-488d-9e53-72064d6f1f72-walk-in-applicant?trid=584b8d10-d42a-4fab-8feb-c506f3c61a9d,https://jobs.smartrecruiters.com/ni/Sutherland/e06091d9-f4f6-488d-9e53-72064d6f1f72-walk-in-applicant?trid=584b8d10-d42a-4fab-8feb-c506f3c61a9d,Sutherland Walk-In Drive 2026:,Eligibility Criteria for Sutherland Walk-In Drive 2026,Job Responsibilities:,Qualification required:,Preferred skill:,Selection Process?,About Sutherland:,How to Apply for Sutherland Walk-In 2026?,Why Join Sutherland,What is the job role for the Customer Service Support position at Sutherland?,What is the salary range for the Customer Service Support position at Sutherland?,"Sutherland Walk-In Drive 2026:
Eligibility Criteria for Sutherland Walk-In Drive 2026
Job Responsibilities:
Qualification required:
Preferred skill:
Selection Process?
About Sutherland:
How to Apply for Sutherland Walk-In 2026?
Why Join Sutherland
What is the job role for the Customer Service Support position at Sutherland?
What is the salary range for the Customer Service Support position at Sutherland?"
Accenture Custom Software Engineer Job Opportunity | Bengaluru| 0-2 Years,https://job4freshers.co.in/accenture-custom-software-engineer/,Click here to Apply,https://www.accenture.com/in-en/careers/jobdetails?id=ATCI-5349573-S1969649_en&title=Custom+Software+Engineer,https://www.accenture.com/in-en/careers/jobdetails?id=ATCI-5349573-S1969649_en&title=Custom+Software+Engineer,About Accenture:,Accenture Off Campus 2026:,What a Software Engineer at Accenture actually does:,Accenture Off Campus- Eligibility Criteria:,Required skills:,Who should apply for Accenture:,Apply if:,Don’t apply if:,Accenture Recruitment Selection Process:,Why Join Accenture?,How to Apply for Accenture Off Campus 2026?,"About Accenture:
Accenture Off Campus 2026:
What a Software Engineer at Accenture actually does:
Accenture Off Campus- Eligibility Criteria:
Required skills:
Who should apply for Accenture:
Apply if:
Don’t apply if:
Accenture Recruitment Selection Process:
Why Join Accenture?
How to Apply for Accenture Off Campus 2026?"
Broadway Infotech Walk-In Drive for Fresh Graduates | 2025 or 2026 Batch,https://job4freshers.co.in/broadway-infotech-walk-in/,N/A,Direct Walk-in (No Link),Direct Walk-in (No Link),About Broadway Infotech:,Broadway Infotech Walk-in Drive:,Broadway Infotech Walk-in Eligibility Criteria:,Preferred skill:,Walk-in Detail:,Why Join Broadway Infotech,,,,,,"About Broadway Infotech:
Broadway Infotech Walk-in Drive:
Broadway Infotech Walk-in Eligibility Criteria:
Preferred skill:
Walk-in Detail:
Why Join Broadway Infotech"
eClerx Walk-in Drive for Freshers | Hiring Analyst Role | Don’t Miss,https://job4freshers.co.in/eclerx-walk-in-hiring-analyst/,N/A,Direct Walk-in (No Link),Direct Walk-in (No Link),About eClerx:,Subscribe our Official YouTube: Click Here,eClerx Walk-in Recruitment 2026:,eClerx Walk-in Job Responsibilities:,eClerx Walk-in Eligibility Criteria:,Preferred skill:,Walk-in Details,,,,,"About eClerx:
Subscribe our Official YouTube: Click Here
eClerx Walk-in Recruitment 2026:
eClerx Walk-in Job Responsibilities:
eClerx Walk-in Eligibility Criteria:
Preferred skill:
Walk-in Details"
Indian Air Force Agniveervayu Intake 02/2027 Recruitment 2026 | Apply Online,https://job4freshers.co.in/indian-air-force-agniveervayu/,Indian Air Force Agniveervayu Recruitment (Apply Link),https://iafrecruitment.edcil.co.in/agniveervayu/,https://iafrecruitment.edcil.co.in/agniveervayu/,Subscribe our Official YouTube: Click Here,Indian Air Force Agniveervayu Recruitment 2026:,Job Description:,Eligibility Criteria:,Salary:,Indian Air Force Agniveervayu Recruitment Selection Process:,Phase – I:,Phase –II:,Phase –III:,About Indian Air Force:,How to Apply for the Indian Air Force Agniveervayu Recruitment 2026?,"Subscribe our Official YouTube: Click Here
Indian Air Force Agniveervayu Recruitment 2026:
Job Description:
Eligibility Criteria:
Salary:
Indian Air Force Agniveervayu Recruitment Selection Process:
Phase – I:
Phase –II:
Phase –III:
About Indian Air Force:
How to Apply for the Indian Air Force Agniveervayu Recruitment 2026?"
Amazon Walk-in Drive for Customer Support Role | 0-5 Years,https://job4freshers.co.in/amazon-walk-in-support-role/,(View on map),https://share.google/naTetl5lR1EgKMRhC,"https://www.google.com/search?sca_esv=a34ddc620dd62935&rlz=1C1GCEA_enIN1158IN1158&sxsrf=APpeQnu9qg0qOVa7cRO-1uzScxuqareemQ:1782127739471&kgmid=/g/11gvs3crnn&q=Amazon+Development+Centre+India+Pvt.+Ltd.+(HYD20)&shem=epsd1,ltae,rimspwouoe&shndl=30&source=sh/x/loc/uni/m1/1&kgs=f5d6024609a1bc5d&utm_source=epsd1,ltae,rimspwouoe,sh/x/loc/uni/m1/1",About Amazon:,Subscribe our Official YouTube: Click Here,Amazon Walk-in Recruitment 2026:,Amazon Walk-in Eligibility Criteria:,Preferred skill:,Walk-in Details,,,,,,"About Amazon:
Subscribe our Official YouTube: Click Here
Amazon Walk-in Recruitment 2026:
Amazon Walk-in Eligibility Criteria:
Preferred skill:
Walk-in Details"
Cisco Recruitment Drive 2026 | Full-time Associate Solutions Engineer,https://job4freshers.co.in/cisco-associate-solutions-engineer/,Click here to Apply,https://careers.cisco.com/global/en/job/CISCISGLOBAL2018725EXTERNALENGLOBAL/Associate-Solutions-Engineer-Full-Time-India-Sales-UHR,https://careers.cisco.com/global/en/job/CISCISGLOBAL2018725EXTERNALENGLOBAL/Associate-Solutions-Engineer-Full-Time-India-Sales-UHR,About Cisco:,Cisco Off Campus 2026: Overview,What an associate at Cisco actually does:,Cisco Eligibility Criteria:,Required skills:,Who should apply for Cisco:,Apply if:,Don’t apply if:,Cisco Recruitment Selection Process:,Why Join Cisco?,How to Apply for Cisco Off Campus 2026?,"About Cisco:
Cisco Off Campus 2026: Overview
What an associate at Cisco actually does:
Cisco Eligibility Criteria:
Required skills:
Who should apply for Cisco:
Apply if:
Don’t apply if:
Cisco Recruitment Selection Process:
Why Join Cisco?
How to Apply for Cisco Off Campus 2026?"
Lenskart Walk-in Drive 2026 | Sales Associate Role | 0-5 Years,https://job4freshers.co.in/lenskart-walk-in-sales-associate/,View Map,https://maps.app.goo.gl/EK3Q56Hhn2EJ3obr7?g_st=ic,"https://www.google.com/maps?q=Lenskart.com+at+Vazhakkala,+Kochi,+The+Smart+Centre,+Civil+Line+Rd,+Chembumukku,+Vazhakkala,+Kakkanad,+Kochi,+Kerala+682021,+India&ftid=0x3b080d047b6014e1:0xbddbb52e80e907ca&entry=gps&shh=CAE&lucs=,94297699,94231188,94280568,47071704,94218641,94282134,100813464,94286869&g_ep=CAISEjI2LjI3LjIuOTM5NTc4NzgwMBgBIIgnKkksOTQyOTc2OTksOTQyMzExODgsOTQyODA1NjgsNDcwNzE3MDQsOTQyMTg2NDEsOTQyODIxMzQsMTAwODEzNDY0LDk0Mjg2ODY5QgJVUw%3D%3D&skid=e8639265-fe36-4a1d-b173-6b10298b0b89&g_st=ic",About Lenskart:,Subscribe our Official YouTube: Click Here,Lenskart Walk-in Recruitment 2026:,Lenskart Walk-in Eligibility Criteria:,Preferred skill:,Walk-in Details,,,,,,"About Lenskart:
Subscribe our Official YouTube: Click Here
Lenskart Walk-in Recruitment 2026:
Lenskart Walk-in Eligibility Criteria:
Preferred skill:
Walk-in Details"
Firstsource Off Campus Drive 2026 | Chennai | Apply online,https://job4freshers.co.in/firstsource-off-campus-drive/,Click here to Apply,https://careers.firstsource.com/job/Chennai-CSA-Healthcare-%C2%A0-EmailBack-Office/24698244/,https://careers.firstsource.com/job/Chennai-CSA-Healthcare-%C2%A0-EmailBack-Office/24698244/,About Firstsource:,Firstsource Off Campus 2026:,Role and Responsibility:,Firstsource Off Campus- Eligibility Criteria:,Required skills:,Who should apply for Firstsource:,Apply if:,Don’t apply if:,Firstsource Recruitment Selection Process:,Why Join Firstsource?,How to Apply for Firstsource Off Campus 2026?,"About Firstsource:
Firstsource Off Campus 2026:
Role and Responsibility:
Firstsource Off Campus- Eligibility Criteria:
Required skills:
Who should apply for Firstsource:
Apply if:
Don’t apply if:
Firstsource Recruitment Selection Process:
Why Join Firstsource?
How to Apply for Firstsource Off Campus 2026?"
Honeywell Aerospace Recruitment 2026 | Software Engineer | Freshers & Experienced | Hyderabad,https://job4freshers.co.in/honeywell-aerospace-recruitment/,Click here to Apply,https://icfcjb.fa.ocs.oraclecloud.com/hcmUI/CandidateExperience/en/sites/Aerospace/job/116711?,https://icfcjb.fa.ocs.oraclecloud.com/hcmUI/CandidateExperience/en/sites/Aerospace/job/116711,About Honeywell Aerospace:,Honeywell Aerospace Off Campus 2026:,Responsibilities of a Software Engineer:,Honeywell Aerospace Off Campus- Eligibility Criteria:,Required skills:,Honeywell Aerospace Recruitment Selection Process:,Why Join Honeywell Aerospace?,How to Apply for Honeywell Aerospace Off Campus 2026?,,,,"About Honeywell Aerospace:
Honeywell Aerospace Off Campus 2026:
Responsibilities of a Software Engineer:
Honeywell Aerospace Off Campus- Eligibility Criteria:
Required skills:
Honeywell Aerospace Recruitment Selection Process:
Why Join Honeywell Aerospace?
How to Apply for Honeywell Aerospace Off Campus 2026?"
Kotak Mahindra Bank Walk-in Drive | Relationship Officer  | Amazing Chance,https://job4freshers.co.in/kotak-mahindra-bank-walk-in-officer/,(View on map),https://share.google/8RxHd9qqoUPuDvTPv,"https://www.google.com/search?safe=active&sca_esv=3e2b86a70d6d9be2&rlz=1C1GCEA_enIN1205IN1205&kgmid=/g/1tdq4fxr&q=Kotak+Mahindra+Bank&shem=dlvs1&shndl=30&source=sh/x/loc/uni/m1/1&kgs=f47a2ed47755ad08&utm_source=dlvs1,sh/x/loc/uni/m1/1",About Kotak Mahindra Group:,Kotak Mahindra Bank Walk-In Drive Recruitment 2026:,Kotak Mahindra Bank Walk-in Job Responsibility:,Kotak Mahindra Bank Skills Required:,Eligibility Criteria,Document to Carry-,How to Apply for Kotak Mahindra Bank Walk-in Recruitment 2026?,Details-,,,,"About Kotak Mahindra Group:
Kotak Mahindra Bank Walk-In Drive Recruitment 2026:
Kotak Mahindra Bank Walk-in Job Responsibility:
Kotak Mahindra Bank Skills Required:
Eligibility Criteria
Document to Carry-
How to Apply for Kotak Mahindra Bank Walk-in Recruitment 2026?
Details-"
"Notification for AAI NER Apprentice Recruitment 2026 | 95 Graduate, Diploma, ITI Apprentice Posts",https://job4freshers.co.in/aai-ner-apprentice-recruitment/,Apply Link for Diploma/ Graduate Apprentice Recruitment,https://www.apprenticeshipindia.gov.in/,https://www.apprenticeshipindia.gov.in/,About AAI:,AAI NER Apprentice Recruitment 2026:,AAI NER Apprentice 2026 – Educational Qualifications,AAI NER Apprentice Vacancy Division:,AAI NER Jobs 2026 – Age Limit,Stipend of AAI NER Apprenticeship:,Selection Process of AAI NER:,AAI Apprentice Job Openings 2026 – Application Fee,How to Apply for AAI NER Apprentice Recruitment 2026?,Official Notification for AAI NER Apprentice,,"About AAI:
AAI NER Apprentice Recruitment 2026:
AAI NER Apprentice 2026 – Educational Qualifications
AAI NER Apprentice Vacancy Division:
AAI NER Jobs 2026 – Age Limit
Stipend of AAI NER Apprenticeship:
Selection Process of AAI NER:
AAI Apprentice Job Openings 2026 – Application Fee
How to Apply for AAI NER Apprentice Recruitment 2026?
Official Notification for AAI NER Apprentice"
Cognizant Hiring Freshers | Service Desk Role | 2025 & 2026 Batch,https://job4freshers.co.in/cognizant-hiring-service-desk/,Click here to Apply,https://app.joinsuperset.com/join/#/signup/student/jobprofiles/a8af19f3-444e-43bd-8828-e8656f637a17,https://app.joinsuperset.com/join/#/signup/student/jobprofiles/a8af19f3-444e-43bd-8828-e8656f637a17,About Cognizant:,Cognizant Off Campus 2026:,What a Service Desk at Cognizant actually does:,Cognizant Off Campus- Eligibility Criteria:,Who Should NOT Apply?,Required skills:,Cognizant Recruitment Selection Process:,Why Join Cognizant?,How to Apply for Cognizant Off Campus 2026?,,,"About Cognizant:
Cognizant Off Campus 2026:
What a Service Desk at Cognizant actually does:
Cognizant Off Campus- Eligibility Criteria:
Who Should NOT Apply?
Required skills:
Cognizant Recruitment Selection Process:
Why Join Cognizant?
How to Apply for Cognizant Off Campus 2026?"
Info Edge Walk-In Drive 2026 for Telecalling in Noida Location,https://job4freshers.co.in/info-edge-walk-in-tele-calling/,(View on map),https://maps.app.goo.gl/Bsz4GW24MKN432KSA,"https://www.google.com/maps/place/Info+Edge+India+Limited+C-10+office/@28.5909075,77.3121255,17z/data=!3m1!4b1!4m6!3m5!1s0x390ce52d60fad055:0x9a8715064a4078cf!8m2!3d28.5909028!4d77.3147004!16s%2Fg%2F11v3ypw4xm?entry=tts&g_ep=EgoyMDI2MDYyOS4wIPu8ASoASAFQAw%3D%3D&skid=aa99537d-3fdc-4c77-a461-5cf5009456d5",About Info Edge:,Info Edge Walk-in 2026:,Info Edge walk-in Career 2026 Responsibilities:,Info Edge Recruitment Eligibility Criteria:,Preferred skill:,Info Edge Walk-in Details:,Why Join Info Edge?,,,,,"About Info Edge:
Info Edge Walk-in 2026:
Info Edge walk-in Career 2026 Responsibilities:
Info Edge Recruitment Eligibility Criteria:
Preferred skill:
Info Edge Walk-in Details:
Why Join Info Edge?"
Conduent Walk-in Drive | Hiring for Customer Support Associate,https://job4freshers.co.in/conduent-walk-in-support-associate/,N/A,Direct Walk-in (No Link),Direct Walk-in (No Link),About Conduent:,Subscribe our Official YouTube: Click Here,Conduent Walk-in Recruitment 2026:,Conduent Walk-in Description:,Conduent Walk-in Eligibility Criteria:,Preferred skill:,Walk-in Details,,,,,"About Conduent:
Subscribe our Official YouTube: Click Here
Conduent Walk-in Recruitment 2026:
Conduent Walk-in Description:
Conduent Walk-in Eligibility Criteria:
Preferred skill:
Walk-in Details"
Apply Online: YASH Technologies Executive Recruitment 2026 | Hyderabad and Indore,https://job4freshers.co.in/yash-technologies-executive/,Click here to Apply,https://careers.yash.com/job/Hyderabad-Executive-Inside-Sales-Job-TG/1362620866/,https://careers.yash.com/job/Hyderabad-Executive-Inside-Sales-Job-TG/1362620866/,About Yash Technologies:,Yash Technologies Off Campus 2026:,Responsibilities of the Executive:,Yash Technologies Eligibility Criteria:,Required skills:,Yash Technologies  Recruitment Selection Process:,Why Join Yash Technologies?,How to Apply for Yash Technologies Off Campus 2026?,,,,"About Yash Technologies:
Yash Technologies Off Campus 2026:
Responsibilities of the Executive:
Yash Technologies Eligibility Criteria:
Required skills:
Yash Technologies  Recruitment Selection Process:
Why Join Yash Technologies?
How to Apply for Yash Technologies Off Campus 2026?"
Infineon Recruitment 2026 | Software Engineer | Freshers & Experienced | Bangalore,https://job4freshers.co.in/infineon-recruitment-software-engineer/,Click here to Apply,https://jobs.infineon.com/careers/job/563808971478564,https://jobs.infineon.com/careers/job/563808971478564,About Infineon:,Infineon Off Campus 2026:,Responsibilities of a Software Engineer:,Infineon Eligibility Criteria:,Required skills:,Infineon Recruitment Selection Process:,Why Join Infineon?,How to Apply for Infineon Off Campus 2026?,,,,"About Infineon:
Infineon Off Campus 2026:
Responsibilities of a Software Engineer:
Infineon Eligibility Criteria:
Required skills:
Infineon Recruitment Selection Process:
Why Join Infineon?
How to Apply for Infineon Off Campus 2026?"
HCLTech Mega Walk-in Interview For Customer Service Representative Role,https://job4freshers.co.in/hcltech-mega-walk-in-freshers-voice/,N/A,Direct Walk-in (No Link),Direct Walk-in (No Link),About HCLTech:,HCLTech Mega Walk-in Drive 2026:,HCLTech Mega Walk-in Responsibility:,HCLTech Mega Walk-in Eligibility Criteria:,Preferred skill:,HCLTech Mega Walk-in Details:,Mandatory Documents:,,,,,"About HCLTech:
HCLTech Mega Walk-in Drive 2026:
HCLTech Mega Walk-in Responsibility:
HCLTech Mega Walk-in Eligibility Criteria:
Preferred skill:
HCLTech Mega Walk-in Details:
Mandatory Documents:"
TCS Walk in Drive for freshers |Business Process Service | 2025 & 2026,https://job4freshers.co.in/tcs-walk-in-process-service/,Apply for TCS Walk-in Drive,https://nextstep.tcsapps.com/indiacampus/#/,https://nextstep.tcsapps.com/indiacampus/#/,About TCS:,TCS Walk In Drive Recruitment 2026:,TCS Walk In Eligibility Criteria,Document to Carry-,How to Apply for TCS Recruitment 2026?,Details-,,,,,,"About TCS:
TCS Walk In Drive Recruitment 2026:
TCS Walk In Eligibility Criteria
Document to Carry-
How to Apply for TCS Recruitment 2026?
Details-"
Amazon Walk-in for Customer Support Voice Process Role | 0-5 Years,https://job4freshers.co.in/amazon-walk-in-customer-voice-process/,N/A,Direct Walk-in (No Link),Direct Walk-in (No Link),About Amazon:,Subscribe our Official YouTube: Click Here,Amazon Walk-in Recruitment 2026:,Amazon Walk-in Eligibility Criteria:,Preferred skill:,Walk-in Details,,,,,,"About Amazon:
Subscribe our Official YouTube: Click Here
Amazon Walk-in Recruitment 2026:
Amazon Walk-in Eligibility Criteria:
Preferred skill:
Walk-in Details"
JPMorgan Chase Recruitment 2026 | KYC Client Data | Freshers & Experienced,https://job4freshers.co.in/jpmorgan-chase-recruitment-client-data/,Apply Link for JPMorgan Chase Off Campus,https://jpmc.fa.oraclecloud.com/hcmUI/CandidateExperience/en/sites/CX_1001/job/210703259/,https://jpmc.fa.oraclecloud.com/hcmUI/CandidateExperience/en/sites/CX_1001/job/210703259/,About JPMorgan Chase:,JPMorgan Chase Off Campus 2026:,Responsibilities of a KYC Client Data:,JPMorgan Chase Off Campus- Eligibility Criteria:,Required skills:,JPMorgan Chase Recruitment Selection Process:,Why Join JPMorgan Chase?,How to Apply for JPMorgan Chase Off Campus 2026?,,,,"About JPMorgan Chase:
JPMorgan Chase Off Campus 2026:
Responsibilities of a KYC Client Data:
JPMorgan Chase Off Campus- Eligibility Criteria:
Required skills:
JPMorgan Chase Recruitment Selection Process:
Why Join JPMorgan Chase?
How to Apply for JPMorgan Chase Off Campus 2026?"
Telus Part Time Hiring 2026 for Online Data Analyst |Work From Home Job,https://job4freshers.co.in/telus-part-time-job/,Click here to Apply,https://www.telusinternational.ai/cmp/public/jobs/available/126050,https://www.telusinternational.ai/cmp/public/jobs/available/126050,About Telus:,Telus Recruitment 2026:,Telus Recruitment Responsibilities:,Telus Off Campus Eligibility Criteria:,Requirements:,Why Join the TELUS International AI Community?,Telus Selection Process:,How to Apply for Telus Recruitment 2026?,,,,"About Telus:
Telus Recruitment 2026:
Telus Recruitment Responsibilities:
Telus Off Campus Eligibility Criteria:
Requirements:
Why Join the TELUS International AI Community?
Telus Selection Process:
How to Apply for Telus Recruitment 2026?"
Kotak Mahindra Bank Walk-in Drive | Digital Acquisition Manager-CA,https://job4freshers.co.in/kotak-mahindra-bank-walk-in/,(View on map),https://share.google/t6ReHhgNhdNWzSZLf,"https://www.google.com/search?safe=active&sca_esv=537f0f8c76537249&rlz=1C1GCEA_enIN1205IN1205&kgmid=/g/11vf7lp2p1&q=Kotak+Mahindra+Bank&shem=dlvs1,epsd1,ltae,rimspwouoe&shndl=30&source=sh/x/loc/uni/m1/1&kgs=a1e6dd9fcc98052d&utm_source=dlvs1,epsd1,ltae,rimspwouoe,sh/x/loc/uni/m1/1",About Kotak Mahindra Group:,Kotak Mahindra Bank Walk-In Drive Recruitment 2026:,Kotak Mahindra Bank Walk-in Job Responsibility:,Kotak Mahindra Bank Skills Required:,Eligibility Criteria,Document to Carry-,How to Apply for Kotak Mahindra Bank Walk-in Recruitment 2026?,Details-,,,,"About Kotak Mahindra Group:
Kotak Mahindra Bank Walk-In Drive Recruitment 2026:
Kotak Mahindra Bank Walk-in Job Responsibility:
Kotak Mahindra Bank Skills Required:
Eligibility Criteria
Document to Carry-
How to Apply for Kotak Mahindra Bank Walk-in Recruitment 2026?
Details-"
Freshers Mega Drive 2026 | Atos Walk-in for Voice/Backoffice – Healthcare roel,https://job4freshers.co.in/mega-atos-walk-in/,N/A,Direct Walk-in (No Link),Direct Walk-in (No Link),About Atos:,Atos Walk-in Recruitment 2026:,Atos Walk-in Eligibility Criteria:,Preferred Skills:,Click here for HR Interview Questions and Answers,How to Apply for Atos Walk-in Recruitment 2026?,Time and Venue:,,,,,"About Atos:
Atos Walk-in Recruitment 2026:
Atos Walk-in Eligibility Criteria:
Preferred Skills:
Click here for HR Interview Questions and Answers
How to Apply for Atos Walk-in Recruitment 2026?
Time and Venue:"
Qualcomm Recruitment 2026 | Engineer / Associate Engineer | Latest Job Update,https://job4freshers.co.in/qualcomm-recruitment-engineer-associate/,,https://careers.qualcomm.com/careers/job/446719463158?,https://careers.qualcomm.com/careers/job/446719463158,Qualcomm Recruitment 2026:,Description:,Eligibility Criteria:,Preferred skill:,About Qualcomm:,Why Join Qualcomm?,,,,,,"Qualcomm Recruitment 2026:
Description:
Eligibility Criteria:
Preferred skill:
About Qualcomm:
Why Join Qualcomm?"
Hexaware Hiring Junior Management Trainee 2026 | Chennai,https://job4freshers.co.in/hexaware-hiring-management-trainee/,Click here to Apply,https://app.joinsuperset.com/join/#/signup/student/jobprofiles/aa8dda8f-2e39-4377-bf46-a255f7f941e3,https://app.joinsuperset.com/join/#/signup/student/jobprofiles/aa8dda8f-2e39-4377-bf46-a255f7f941e3,About Hexaware:,Hexaware Technologies Off Campus 2026:,Hexaware Technologies Career 2026 Responsibilities:,Hexaware Technologies off campus Eligibility Criteria:,Preferred skill:,Hexaware Technologies Recruitment Selection Process:,Why Join Hexaware Technologies?,How to Apply for Hexaware Technologies Off Campus 2026?,,,,"About Hexaware:
Hexaware Technologies Off Campus 2026:
Hexaware Technologies Career 2026 Responsibilities:
Hexaware Technologies off campus Eligibility Criteria:
Preferred skill:
Hexaware Technologies Recruitment Selection Process:
Why Join Hexaware Technologies?
How to Apply for Hexaware Technologies Off Campus 2026?"
Join the Team: Puma Walk-In Drive | Mumbai | Sales Associate and Supervisor,https://job4freshers.co.in/puma-walk-in-sales-associate/,N/A,Direct Walk-in (No Link),Direct Walk-in (No Link),About Puma:,Puma Walk-In Drive Recruitment 2026:,Puma Job Responsibility:,Puma Skills Required:,Eligibility Criteria,Document to Carry-,How to Apply for Puma Recruitment 2026?,Details-,,,,"About Puma:
Puma Walk-In Drive Recruitment 2026:
Puma Job Responsibility:
Puma Skills Required:
Eligibility Criteria
Document to Carry-
How to Apply for Puma Recruitment 2026?
Details-"
Infosys Walk-In Drive for International Customer Support (Voice Process) | Kolkata,https://job4freshers.co.in/infosys-walk-in-international-customer-support/,N/A,Direct Walk-in (No Link),Direct Walk-in (No Link),Infosys Walk-in Recruitment 2026:,Job Description:,Job Responsibilities:,Eligibility Criteria for Infosys Walk-in Drive:,Preferred skill:,About Infosys:,Infosys Walk-in Details,,,,,"Infosys Walk-in Recruitment 2026:
Job Description:
Job Responsibilities:
Eligibility Criteria for Infosys Walk-in Drive:
Preferred skill:
About Infosys:
Infosys Walk-in Details"
"IOCL Apprentice Recruitment 2026 | 2,337 Posts | Notification Out",https://job4freshers.co.in/iocl-apprentice-recruitment/,Click here,https://iocl.com/apprenticeships,https://iocl.com/apprenticeships,IOCL Apprentice 2026 – Overview:,IOCL Apprentice Recruitment Vacancy Division:,IOCL Career Eligibility Criteria:,IOCL Apprentice Job Openings 2026 – Age Limit,Selection Process of IOCL Apprentice 2026:,How to Apply for the IOCL Apprentice 2026?,,,,,,"IOCL Apprentice 2026 – Overview:
IOCL Apprentice Recruitment Vacancy Division:
IOCL Career Eligibility Criteria:
IOCL Apprentice Job Openings 2026 – Age Limit
Selection Process of IOCL Apprentice 2026:
How to Apply for the IOCL Apprentice 2026?"
Vedantu is Hiring Off Campus Drive| Digital Marketing Intern (Performance Marketing),https://job4freshers.co.in/vedantu-is-hiring-marketing-intern/,N/A,Direct Walk-in (No Link),Direct Walk-in (No Link),About Vedantu:,Vedantu Off Campus 2026:,What an Intern at Vedantu actually does:,Vedantu Educational Qualification:,Required skills:,Who should apply for Vedantu:,Apply if:,Don’t apply if:,Vedantu Recruitment Selection Process:,Why Join Vedantu?,How to Apply for Vedantu Off Campus 2026?,"About Vedantu:
Vedantu Off Campus 2026:
What an Intern at Vedantu actually does:
Vedantu Educational Qualification:
Required skills:
Who should apply for Vedantu:
Apply if:
Don’t apply if:
Vedantu Recruitment Selection Process:
Why Join Vedantu?
How to Apply for Vedantu Off Campus 2026?"
